﻿Dataset;Category;DERIVED_TEMPLATE;Item;Item_TR_2020S;Item_TR_2019;Item_TR_2018;Item_TR_2017;Item_TR_2016;Item_TR_2015;Item_TR_2014;Label
tr_oth;Capital;Capital;2020101;2020101;1920101;1820101;1720101;1620101;150101;993401;OWN FUNDS
tr_oth;Capital;Capital;2020102;2020102;1920102;1820102;1720102;1620102;150102;993402;COMMON EQUITY TIER 1 CAPITAL (net of deductions and after applying transitional adjustments)
tr_oth;Capital;Capital;2020103;2020103;1920103;1820103;1720103;1620103;150103;993403;Capital instruments eligible as CET1 Capital (including share premium and net own capital instruments)
tr_oth;Capital;Capital;2020104;2020104;1920104;1820104;1720104;1620104;150104;993405;Retained earnings
tr_oth;Capital;Capital;2020105;2020105;1920105;1820105;1720105;1620105;150105;993406;Accumulated other comprehensive income
tr_oth;Capital;Capital;2020106;2020106;1920106;1820106;1720106;1620106;150106;993409;Other Reserves
tr_oth;Capital;Capital;2020107;2020107;1920107;1820107;1720107;1620107;150107;993410;Funds for general banking risk
tr_oth;Capital;Capital;2020108;2020108;1920108;1820108;1720108;1620108;150108;993411;Minority interest given recognition in CET1 capital
tr_oth;Capital;Capital;2020109;2020109;1920109;1820109;1720109;1620109;150109;993412;Adjustments to CET1 due to prudential filters
tr_oth;Capital;Capital;2020110;2020110;1920110;1820110;1720110;1620110;150110;993414;(-) Intangible assets (including Goodwill)
tr_oth;Capital;Capital;2020111;2020111;1920111;1820111;1720111;1620111;150111;993415;(-) DTAs that rely on future profitability and do not arise from temporary differences net of associated DTLs
tr_oth;Capital;Capital;2020112;2020112;1920112;1820112;1720112;1620112;150112;993416;(-) IRB shortfall of credit risk adjustments to expected losses
tr_oth;Capital;Capital;2020113;2020113;1920113;1820113;1720113;1620113;150113;993417;(-) Defined benefit pension fund assets
tr_oth;Capital;Capital;2020114;2020114;1920114;1820114;1720114;1620114;150114;993418;(-) Reciprocal cross holdings in CET1 Capital
tr_oth;Capital;Capital;2020115;2020115;1920115;1820115;1720115;1620115;150115;993419;(-) Excess deduction from AT1 items over AT1 Capital
tr_oth;Capital;Capital;2020116;2020116;1920116;1820116;1720116;1620116;150116;993420;(-) Deductions related to assets which can alternatively be subject to a 1.250% risk weight
tr_oth;Capital;Capital;2020117;2020117;1920117;1820117;1720117;1620117;150117;993421; (-) Deductions related to assets which can alternatively be subject to a 1.250% risk weight - Of which: from securitisation positions (-)
tr_oth;Capital;Capital;2020118;2020118;1920118;1820118;1720118;1620118;150118;993422;(-) Holdings of CET1 capital instruments of financial sector entities where the institiution does not have a significant investment
tr_oth;Capital;Capital;2020119;2020119;1920119;1820119;1720119;1620119;150119;993423;(-) Deductible DTAs that rely on future profitability and arise from temporary differences
tr_oth;Capital;Capital;2020120;2020120;1920120;1820120;1720120;1620120;150120;993424;(-) Holdings of CET1 capital instruments of financial sector entities where the institiution has a significant investment
tr_oth;Capital;Capital;2020121;2020121;1920121;1820121;1720121;1620121;150121;993425;(-) Amount exceding the 17.65% threshold
tr_oth;Capital;Capital;2020122;2020122;1920122;1820122;1720122;1620122;;;(-) Additional deductions of CET1 Capital due to Article 3 CRR
tr_oth;Capital;Capital;2020123;2020123;1920123;1820123;1720123;1620123;150122;;CET1 capital elements or deductions - other
tr_oth;Capital;Capital;2020124;2020124;1920124;1820124;1720124;1620124;150123;993426;Transitional adjustments
tr_oth;Capital;Capital;2020125;2020125;1920125;1820125;1720125;1620125;150124;993427;Transitional adjustments due to grandfathered CET1 Capital instruments (+/-)
tr_oth;Capital;Capital;2020126;2020126;1920126;1820126;1720126;1620126;150125;993428;Transitional adjustments due to additional minority interests (+/-)
tr_oth;Capital;Capital;2020127;2020127;1920127;1820127;1720127;1620127;150126;993429;Other transitional adjustments to CET1 Capital (+/-)
tr_oth;Capital;Capital;2020128;2020128;1920128;1820128;1720128;1620128;150127;993430;ADDITIONAL TIER 1 CAPITAL (net of deductions and after transitional adjustments)
tr_oth;Capital;Capital;2020129;2020129;1920129;1820129;1720129;1620129;150128;;Additional Tier 1 Capital instruments
tr_oth;Capital;Capital;2020130;2020130;1920130;1820130;1720130;1620130;;;(-) Excess deduction from T2 items over T2 capital
tr_oth;Capital;Capital;2020131;2020131;1920131;1820131;1720131;1620131;150129;;Other Additional Tier 1 Capital components and deductions
tr_oth;Capital;Capital;2020132;2020132;1920132;1820132;1720132;1620132;;;Additional Tier 1 transitional adjustments
tr_oth;Capital;Capital;2020133;2020133;1920133;1820133;1720133;1620133;150130;993432;TIER 1 CAPITAL (net of deductions and after transitional adjustments)
tr_oth;Capital;Capital;2020134;2020134;1920134;1820134;1720134;1620134;150131;993433;TIER 2 CAPITAL (net of deductions and after transitional adjustments)
tr_oth;Capital;Capital;2020135;2020135;1920135;1820135;1720135;1620135;150132;;Tier 2 Capital instruments
tr_oth;Capital;Capital;2020136;2020136;1920136;1820136;1720136;1620136;150133;;Other Tier 2 Capital components and deductions
tr_oth;Capital;Capital;2020137;2020137;1920137;1820137;1720137;1620137;;;Tier 2 transitional adjustments
tr_oth;Capital;Capital;2020138;2020138;1920138;1820138;1720138;1620138;150134;993434;TOTAL RISK EXPOSURE AMOUNT
tr_oth;Capital;Capital;2020139;2020139;1920139;1820139;1720139;1620139;;; TOTAL RISK EXPOSURE AMOUNT - Of which: Transitional adjustments included
tr_oth;Capital;Capital;2020140;2020140;1920140;1820140;1720140;1620140;150135;993441;COMMON EQUITY TIER 1 CAPITAL RATIO (transitional period)
tr_oth;Capital;Capital;2020141;2020141;1920141;1820141;1720141;1620141;150136;993442;TIER 1 CAPITAL RATIO (transitional period)
tr_oth;Capital;Capital;2020142;2020142;1920142;1820142;1720142;1620142;150137;993443;TOTAL CAPITAL RATIO (transitional period)
tr_oth;Capital;Capital;2020143;2020143;1920143;1820143;1720143;1620143;;;COMMON EQUITY TIER 1 CAPITAL (fully loaded)
tr_oth;Capital;Capital;2020146;2020146;1920146;1820146;1720146;1620146;;993448;COMMON EQUITY TIER 1 CAPITAL RATIO (fully loaded)
tr_oth;Capital;Capital;2020147;2020147;1920147;1820147;;;;;   Adjustments to CET1 due to IFRS 9 transitional arrangements
tr_oth;Capital;Capital;2020148;2020148;1920148;1820148;;;;;   Adjustments to AT1 due to IFRS 9 transitional arrangements
tr_oth;Capital;Capital;2020149;2020149;1920149;1820149;;;;;   Adjustments to T2 due to IFRS 9 transitional arrangements
tr_oth;Capital;Capital;2020150;2020150;1920150;1820150;;;;;   Adjustments included in RWAs due to IFRS 9 transitional arrangements
tr_oth;RWA;RWA OV1;2020201;2020201;1920201;;;;;;Credit risk (excluding CCR and Securitisations)
tr_oth;RWA;RWA OV1;2020202;2020202;1920202;;;;;;Credit risk (excluding CCR and Securitisations): Of which the standardised approach
tr_oth;RWA;RWA OV1;2020203;2020203;1920203;;;;;;Credit risk (excluding CCR and Securitisations): Of which the foundation IRB (FIRB) approach
tr_oth;RWA;RWA OV1;2020204;2020204;1920204;;;;;;Credit risk (excluding CCR and Securitisations): Of which the advanced IRB (AIRB) approach
tr_oth;RWA;RWA OV1;2020205;2020205;1920205;;;;;;Credit risk (excluding CCR and Securitisations): Of which equity IRB
tr_oth;RWA;RWA OV1;2020206;2020206;1920206;;;;;;Counterparty credit risk (CCR, excluding CVA)
tr_oth;RWA;RWA OV1;2020207;2020207;1920207;1820207;1720207;1620207;150207;;Credit valuation adjustment - CVA
tr_oth;RWA;RWA OV1;2020208;2020208;1920208;;;;;;Settlement risk
tr_oth;RWA;RWA OV1;2020209;2020209;1920209;1820202;1720202;1620202;150202;;Securitisation exposures in the banking book (after the cap)
tr_oth;RWA;RWA OV1;2020210;2020210;1920210;1820205;1720205;1620205;150205;;Position, foreign exchange and commodities risks (Market risk)
tr_oth;RWA;RWA OV1;2020211;2020211;1920211;;;;;;Position, foreign exchange and commodities risks (Market risk): Of which the standardised approach
tr_oth;RWA;RWA OV1;2020212;2020212;1920212;;;;;;Position, foreign exchange and commodities risks (Market risk): Of which IMA
tr_oth;RWA;RWA OV1;2020213;2020213;1920213;1820206;1720206;1620206;150206;;Of which securitisations and resecuritisations in the trading book
tr_oth;RWA;RWA OV1;2020214;2020214;1920214;;;;;;Large exposures in the trading book
tr_oth;RWA;RWA OV1;2020215;2020215;1920215;1820208;1720208;1620208;150208;;Operational risk
tr_oth;RWA;RWA OV1;2020216;2020216;1920216;;;;;;Operational risk : Of which basic indicator approach
tr_oth;RWA;RWA OV1;2020217;2020217;1920217;;;;;;Operational risk : Of which standardised approach
tr_oth;RWA;RWA OV1;2020218;2020218;1920218;;;;;;Operational risk : Of which advanced measurement approach
tr_oth;RWA;RWA OV1;2020219;2020219;1920219;;;;;;Other risk exposure amounts
tr_oth;RWA;RWA OV1;2020220;2020220;1920220;1820210;1720210;1620210;150210;;Total Risk exposure amount
tr_oth;P&L;P&L;2020301;2020301;1920301;1820301;1720301;1620301;150301;;Interest income
tr_oth;P&L;P&L;2020302;2020302;1920302;1820302;1720302;1620302;150302;;Interest income - Of which debt securities income
tr_oth;P&L;P&L;2020303;2020303;1920303;1820303;1720303;1620303;150303;;Interest income - Of which loans and advances income
tr_oth;P&L;P&L;2020304;2020304;1920304;1820304;1720304;1620304;150304;;Interest expenses
tr_oth;P&L;P&L;2020305;2020305;1920305;1820305;1720305;1620305;150305;;Interest expenses - (Of which deposits expenses)
tr_oth;P&L;P&L;2020306;2020306;1920306;1820306;1720306;1620306;150306;;Interest expenses - (Of which debt securities issued expenses)
tr_oth;P&L;P&L;2020307;2020307;1920307;1820307;1720307;1620307;150307;;Expenses on share capital repayable on demand
tr_oth;P&L;P&L;2020308;2020308;1920308;1820308;1720308;1620308;150308;;Dividend income
tr_oth;P&L;P&L;2020309;2020309;1920309;1820309;1720309;1620309;150309;;Net Fee and commission income
tr_oth;P&L;P&L;2020310;2020310;1920310;1820310;1720310;1620310;150310;;Gains or (-) losses on derecognition of financial assets and liabilities not measured at fair value through profit or loss_ and of non financial assets_ net
tr_oth;P&L;P&L;2020311;2020311;1920311;1820311;1720311;1620311;150311;;Gains or (-) losses on financial assets and liabilities held for trading_ net
tr_oth;P&L;P&L;2020312;2020312;1920312;1820312;1720312;1620312;150312;;Gains or (-) losses on financial assets and liabilities designated at fair value through profit or loss_ net
tr_oth;P&L;P&L;2020313;2020313;1920313;1820313;1720313;1620313;150313;;Gains or (-) losses from hedge accounting_ net
tr_oth;P&L;P&L;2020314;2020314;1920314;1820314;1720314;1620314;150314;;Exchange differences [gain or (-) loss]_ net
tr_oth;P&L;P&L;2020315;2020315;1920315;1820315;1720315;1620315;150315;;Net other operating income /(expenses)
tr_oth;P&L;P&L;2020316;2020316;1920316;1820316;1720316;1620316;150316;;TOTAL OPERATING INCOME_ NET
tr_oth;P&L;P&L;2020317;2020317;1920317;1820317;1720317;1620317;150317;;(Administrative expenses)
tr_oth;P&L;P&L;2020318;2020318;1920318;1820318;1720318;1620318;150318;;(Depreciation)
tr_oth;P&L;P&L;2020319;2020319;1920319;1820319;1720319;1620319;150319;;(Provisions or (-) reversal of provisions)
tr_oth;P&L;P&L;2020320;2020320;1920320;1820320;1720320;1620320;150320;;(Provisions or (-) reversal of provisions) - (Commitments and guarantees given)
tr_oth;P&L;P&L;2020321;2020321;1920321;1820321;1720321;1620321;150321;;(Provisions or (-) reversal of provisions) - (Other provisions)
tr_oth;P&L;P&L;2020322;2020322;1920322;1820322;1720322;1620322;150322;;(Other provisions) - Of which pending legal issues and tax litigation
tr_oth;P&L;P&L;2020323;2020323;1920323;1820323;1720323;1620323;150323;;(Other provisions) - Of which restructuring
tr_oth;P&L;P&L;2020324;2020324;1920324;1820324;1720324;1620324;150324;;(Impairment or (-) reversal of impairment on financial assets not measured at fair value through profit or loss)
tr_oth;P&L;P&L;2020325;2020325;1920325;1820325;;;;;(Financial assets at fair value through other comprehensive income)
tr_oth;P&L;P&L;2020326;2020326;1920326;1820326;;;;;(Financial assets at amortised cost)
tr_oth;P&L;P&L;2020327;2020327;1920327;1820327;1720327;1620327;150327;;(Impairment or (-) reversal of impairment of investments in subsidaries_ joint ventures and associates and on non-financial assets)
tr_oth;P&L;P&L;2020328;2020328;1920328;1820328;1720328;1620328;150328;;(Impairment or (-) reversal of impairment of investments in subsidaries_ joint ventures and associates and on non-financial assets) - (of which Goodwill)
tr_oth;P&L;P&L;2020329;2020329;1920329;1820329;1720329;1620329;150329;;Negative goodwill recognised in profit or loss
tr_oth;P&L;P&L;2020330;2020330;1920330;1820330;1720330;1620330;150330;;Share of the profit or (-) loss of investments in subsidaries_ joint ventures and associates
tr_oth;P&L;P&L;2020331;2020331;1920331;1820331;1720331;1620331;150331;;Profit or (-) loss from non-current assets and disposal groups classified as held for sale not qualifying as discontinued operations
tr_oth;P&L;P&L;2020332;2020332;1920332;1820332;1720332;1620332;150332;;PROFIT OR (-) LOSS BEFORE TAX FROM CONTINUING OPERATIONS
tr_oth;P&L;P&L;2020333;2020333;1920333;1820333;1720333;1620333;150333;;PROFIT OR (-) LOSS AFTER TAX FROM CONTINUING OPERATIONS
tr_oth;P&L;P&L;2020334;2020334;1920334;1820334;1720334;1620334;150334;;Profit  or (-) loss after tax from discontinued operations
tr_oth;P&L;P&L;2020335;2020335;1920335;1820335;1720335;1620335;150335;;PROFIT OR (-) LOSS FOR THE YEAR
tr_oth;P&L;P&L;2020336;2020336;1920336;1820336;1720336;1620336;150336;;PROFIT OR (-) LOSS FOR THE YEAR - Of which attributable to owners of the parent
tr_oth;P&L;P&L;2020337;2020337;1920337;1820337;;;;;(Increases or (-) decreases of the fund for general banking risks, net)
tr_oth;P&L;P&L;2020338;2020338;1920338;1820338;;;;;Modification gains or (-) losses, net
tr_oth;P&L;P&L;2020339;;;;;;;;(Cash contributions to resolution funds and deposit guarantee schemes)
tr_oth;P&L;P&L;2020340;;;;;;;;(Provisions or (-) reversal of provisions) - (payment commitments to resolution funds and deposit guarantee schemes)
tr_mrk;Market Risk;Market Risk;2020401;2020401;1920401;1820401;1720401;1620401;150401;;TOTAL RISK EXPOSURE AMOUNT
tr_mrk;Market Risk;Market Risk;2020402;2020402;1920402;1820402;1720402;1620402;150402;;TOTAL RISK EXPOSURE AMOUNT - by Product
tr_mrk;Market Risk;Market Risk;2020403;2020403;1920403;1820403;1720403;1620403;150403;;TOTAL RISK EXPOSURE AMOUNT - Traded Debt Instruments - by Risk
tr_mrk;Market Risk;Market Risk;2020404;2020404;1920404;1820404;1720404;1620404;150404;;TOTAL RISK EXPOSURE AMOUNT - Equities - by Risk
tr_mrk;Market Risk;Market Risk;2020411;2020411;1920411;1820411;1720411;1620411;150411;;VAR - MULTIPLICATION FACTOR (mc) x AVERAGE OF PREVIOUS 60 WORKING DAYS (VaRavg)
tr_mrk;Market Risk;Market Risk;2020412;2020412;1920412;1820412;1720412;1620412;150412;;VAR - MULTIPLICATION FACTOR (mc) x AVERAGE OF PREVIOUS 60 WORKING DAYS (VaRavg) - by Product
tr_mrk;Market Risk;Market Risk;2020413;2020413;1920413;1820413;1720413;1620413;150413;;VAR - MULTIPLICATION FACTOR (mc) x AVERAGE OF PREVIOUS 60 WORKING DAYS (VaRavg) - Traded Debt Instruments - by Risk
tr_mrk;Market Risk;Market Risk;2020414;2020414;1920414;1820414;1720414;1620414;150414;;VAR - MULTIPLICATION FACTOR (mc) x AVERAGE OF PREVIOUS 60 WORKING DAYS (VaRavg) - Equities - by Risk
tr_mrk;Market Risk;Market Risk;2020421;2020421;1920421;1820421;1720421;1620421;150421;;VAR - PREVIOUS DAY (VaRt-1)
tr_mrk;Market Risk;Market Risk;2020422;2020422;1920422;1820422;1720422;1620422;150422;;VAR - PREVIOUS DAY (VaRt-1) - by Product
tr_mrk;Market Risk;Market Risk;2020423;2020423;1920423;1820423;1720423;1620423;150423;;VAR - PREVIOUS DAY (VaRt-1) - Traded Debt Instruments - by Risk
tr_mrk;Market Risk;Market Risk;2020424;2020424;1920424;1820424;1720424;1620424;150424;;VAR - PREVIOUS DAY (VaRt-1) - Equities - by Risk
tr_mrk;Market Risk;Market Risk;2020431;2020431;1920431;1820431;1720431;1620431;150431;;SVAR - MULTIPLICATION FACTOR (ms) x AVERAGE OF PREVIOUS 60 WORKING DAYS (SVaRavg)
tr_mrk;Market Risk;Market Risk;2020432;2020432;1920432;1820432;1720432;1620432;150432;;SVAR - MULTIPLICATION FACTOR (ms) x AVERAGE OF PREVIOUS 60 WORKING DAYS (SVaRavg) - by Product
tr_mrk;Market Risk;Market Risk;2020433;2020433;1920433;1820433;1720433;1620433;150433;;SVAR - MULTIPLICATION FACTOR (ms) x AVERAGE OF PREVIOUS 60 WORKING DAYS (SVaRavg) - Traded Debt Instruments - by Risk
tr_mrk;Market Risk;Market Risk;2020434;2020434;1920434;1820434;1720434;1620434;150434;;SVAR - MULTIPLICATION FACTOR (ms) x AVERAGE OF PREVIOUS 60 WORKING DAYS (SVaRavg) - Equities - by Risk
tr_mrk;Market Risk;Market Risk;2020441;2020441;1920441;1820441;1720441;1620441;150441;;SVAR - LATEST AVAILABLE (SVaRt-1)
tr_mrk;Market Risk;Market Risk;2020442;2020442;1920442;1820442;1720442;1620442;150442;;SVAR - LATEST AVAILABLE (SVaRt-1) - by Product
tr_mrk;Market Risk;Market Risk;2020443;2020443;1920443;1820443;1720443;1620443;150443;;SVAR - LATEST AVAILABLE (SVaRt-1) - Traded Debt Instruments - by Risk
tr_mrk;Market Risk;Market Risk;2020444;2020444;1920444;1820444;1720444;1620444;150444;;SVAR - LATEST AVAILABLE (SVaRt-1) - Equities - by Risk
tr_mrk;Market Risk;Market Risk;2020451;2020451;1920451;1820451;1720451;1620451;150451;;INCREMENTAL DEFAULT AND MIGRATION RISK CAPITAL CHARGE - 12 WEEKS AVERAGE MEASURE
tr_mrk;Market Risk;Market Risk;2020461;2020461;1920461;1820461;1720461;1620461;150461;;INCREMENTAL DEFAULT AND MIGRATION RISK CAPITAL CHARGE - LAST MEASURE
tr_mrk;Market Risk;Market Risk;2020471;2020471;1920471;1820471;1720471;1620471;150471;;ALL PRICE RISKS CAPITAL CHARGE FOR CTP - FLOOR
tr_mrk;Market Risk;Market Risk;2020481;2020481;1920481;1820481;1720481;1620481;150481;;ALL PRICE RISKS CAPITAL CHARGE FOR CTP - 12 WEEKS AVERAGE MEASURE
tr_mrk;Market Risk;Market Risk;2020491;2020491;1920491;1820491;1720491;1620491;150491;;ALL PRICE RISKS CAPITAL CHARGE FOR CTP - LAST MEASURE
tr_cre;Credit Risk;Credit Risk_STA_a;2020501;2020501;1920501;1820501;1720501;1620501;150501;;Original Exposure (SA_and_IRB)
tr_cre;Credit Risk;Credit Risk_STA_b;2020501;2020501;1920501;1820501;1720501;1620501;150501;;Original Exposure (SA_and_IRB)
tr_cre;Credit Risk;Credit Risk_IRB_a;2020502;2020502;1920502;1820502;1720502;1620502;150502;;Original Exposure - by exposure class (SA_and_IRB)
tr_cre;Credit Risk;Credit Risk_IRB_b;2020502;2020502;1920502;1820502;1720502;1620502;150502;;Original Exposure - by exposure class (SA_and_IRB)
tr_cre;Credit Risk;Credit Risk_STA_a;2020502;2020502;1920502;1820502;1720502;1620502;150502;;Original Exposure - by exposure class (SA_and_IRB)
tr_cre;Credit Risk;Credit Risk_STA_b;2020502;2020502;1920502;1820502;1720502;1620502;150502;;Original Exposure - by exposure class (SA_and_IRB)
tr_cre;Credit Risk;Credit Risk_IRB_a;2020503;2020503;1920503;1820503;1720503;1620503;150503;;Original Exposure - SME - by exposure class (SA_and_IRB)
tr_cre;Credit Risk;Credit Risk_IRB_b;2020503;2020503;1920503;1820503;1720503;1620503;150503;;Original Exposure - SME - by exposure class (SA_and_IRB)
tr_cre;Credit Risk;Credit Risk_STA_a;2020503;2020503;1920503;1820503;1720503;1620503;150503;;Original Exposure - SME - by exposure class (SA_and_IRB)
tr_cre;Credit Risk;Credit Risk_STA_b;2020503;2020503;1920503;1820503;1720503;1620503;150503;;Original Exposure - SME - by exposure class (SA_and_IRB)
tr_cre;Credit Risk;Credit Risk_IRB_a;2020504;2020504;1920504;1820504;1720504;1620504;150504;;Original Exposure - Corporates - Specialised Lending (IRB)
tr_cre;Credit Risk;Credit Risk_IRB_b;2020504;2020504;1920504;1820504;1720504;1620504;150504;;Original Exposure - Corporates - Specialised Lending (IRB)
tr_cre;Credit Risk;Credit Risk_IRB_a;2020505;2020505;1920505;1820505;1720505;1620505;150505;;Original Exposure - Retail - by type (IRB)
tr_cre;Credit Risk;Credit Risk_IRB_b;2020505;2020505;1920505;1820505;1720505;1620505;150505;;Original Exposure - Retail - by type (IRB)
tr_cre;Credit Risk;Credit Risk_IRB_a;2020506;2020506;1920506;1820506;1720506;1620506;150506;;Original Exposure - Retail_non SME - by type (IRB)
tr_cre;Credit Risk;Credit Risk_IRB_b;2020506;2020506;1920506;1820506;1720506;1620506;150506;;Original Exposure - Retail_non SME - by type (IRB)
tr_cre;Credit Risk;Credit Risk_IRB_a;2020512;2020512;1920512;1820512;1720512;1620512;150512;;Original Exposure - of which_DEFAULTED - by exposure class (SA_and_IRB)
tr_cre;Credit Risk;Credit Risk_IRB_b;2020512;2020512;1920512;1820512;1720512;1620512;150512;;Original Exposure - of which_DEFAULTED - by exposure class (SA_and_IRB)
tr_cre;Credit Risk;Credit Risk_IRB_a;2020513;2020513;1920513;1820513;1720513;1620513;150513;;Original Exposure - SME_of which_DEFAULTED - by exposure class (SA_and_IRB)
tr_cre;Credit Risk;Credit Risk_IRB_b;2020513;2020513;1920513;1820513;1720513;1620513;150513;;Original Exposure - SME_of which_DEFAULTED - by exposure class (SA_and_IRB)
tr_cre;Credit Risk;Credit Risk_IRB_a;2020514;2020514;1920514;1820514;1720514;1620514;150514;;Original Exposure - Corporates_Specialised Lending - of which_DEFAULTED (IRB)
tr_cre;Credit Risk;Credit Risk_IRB_b;2020514;2020514;1920514;1820514;1720514;1620514;150514;;Original Exposure - Corporates_Specialised Lending - of which_DEFAULTED (IRB)
tr_cre;Credit Risk;Credit Risk_IRB_a;2020515;2020515;1920515;1820515;1720515;1620515;150515;;Original Exposure - Retail of which_DEFAULTED - by type (IRB)
tr_cre;Credit Risk;Credit Risk_IRB_b;2020515;2020515;1920515;1820515;1720515;1620515;150515;;Original Exposure - Retail of which_DEFAULTED - by type (IRB)
tr_cre;Credit Risk;Credit Risk_IRB_a;2020516;2020516;1920516;1820516;1720516;1620516;150516;;Original Exposure - Retail - non SME - of which_DEFAULTED - by type (IRB)
tr_cre;Credit Risk;Credit Risk_IRB_b;2020516;2020516;1920516;1820516;1720516;1620516;150516;;Original Exposure - Retail - non SME - of which_DEFAULTED - by type (IRB)
tr_cre;Credit Risk;Credit Risk_STA_a;2020521;2020521;1920521;1820521;1720521;1620521;150521;;Exposure value (SA_and_IRB)
tr_cre;Credit Risk;Credit Risk_STA_b;2020521;2020521;1920521;1820521;1720521;1620521;150521;;Exposure value (SA_and_IRB)
tr_cre;Credit Risk;Credit Risk_IRB_a;2020522;2020522;1920522;1820522;1720522;1620522;150522;;Exposure value - by exposure class (SA_and_IRB)
tr_cre;Credit Risk;Credit Risk_IRB_b;2020522;2020522;1920522;1820522;1720522;1620522;150522;;Exposure value - by exposure class (SA_and_IRB)
tr_cre;Credit Risk;Credit Risk_STA_a;2020522;2020522;1920522;1820522;1720522;1620522;150522;;Exposure value - by exposure class (SA_and_IRB)
tr_cre;Credit Risk;Credit Risk_STA_b;2020522;2020522;1920522;1820522;1720522;1620522;150522;;Exposure value - by exposure class (SA_and_IRB)
tr_cre;Credit Risk;Credit Risk_IRB_a;2020523;2020523;1920523;1820523;1720523;1620523;150523;;Exposure value - SME - by exposure class (SA_and_IRB)
tr_cre;Credit Risk;Credit Risk_IRB_b;2020523;2020523;1920523;1820523;1720523;1620523;150523;;Exposure value - SME - by exposure class (SA_and_IRB)
tr_cre;Credit Risk;Credit Risk_STA_a;2020523;2020523;1920523;1820523;1720523;1620523;150523;;Exposure value - SME - by exposure class (SA_and_IRB)
tr_cre;Credit Risk;Credit Risk_STA_b;2020523;2020523;1920523;1820523;1720523;1620523;150523;;Exposure value - SME - by exposure class (SA_and_IRB)
tr_cre;Credit Risk;Credit Risk_IRB_a;2020524;2020524;1920524;1820524;1720524;1620524;150524;;Exposure value - Corporates_Specialised Lending (IRB)
tr_cre;Credit Risk;Credit Risk_IRB_b;2020524;2020524;1920524;1820524;1720524;1620524;150524;;Exposure value - Corporates_Specialised Lending (IRB)
tr_cre;Credit Risk;Credit Risk_IRB_a;2020525;2020525;1920525;1820525;1720525;1620525;150525;;Exposure value - Retail - by type (IRB)
tr_cre;Credit Risk;Credit Risk_IRB_b;2020525;2020525;1920525;1820525;1720525;1620525;150525;;Exposure value - Retail - by type (IRB)
tr_cre;Credit Risk;Credit Risk_IRB_a;2020526;2020526;1920526;1820526;1720526;1620526;150526;;Exposure value - Retail - non SME - by type (IRB)
tr_cre;Credit Risk;Credit Risk_IRB_b;2020526;2020526;1920526;1820526;1720526;1620526;150526;;Exposure value - Retail - non SME - by type (IRB)
tr_cre;Credit Risk;Credit Risk_IRB_a;2020531;2020531;1920531;1820531;1720531;1620531;150531;;Risk exposure amount (SA_and_IRB)
tr_cre;Credit Risk;Credit Risk_IRB_b;2020531;2020531;1920531;1820531;1720531;1620531;150531;;Risk exposure amount (SA_and_IRB)
tr_cre;Credit Risk;Credit Risk_STA_a;2020531;2020531;1920531;1820531;1720531;1620531;150531;;Risk exposure amount (SA_and_IRB)
tr_cre;Credit Risk;Credit Risk_STA_b;2020531;2020531;1920531;1820531;1720531;1620531;150531;;Risk exposure amount (SA_and_IRB)
tr_cre;Credit Risk;Credit Risk_IRB_a;2020532;2020532;1920532;1820532;1720532;1620532;150532;;Risk exposure amount - by exposure class (SA_and_IRB)
tr_cre;Credit Risk;Credit Risk_IRB_b;2020532;2020532;1920532;1820532;1720532;1620532;150532;;Risk exposure amount - by exposure class (SA_and_IRB)
tr_cre;Credit Risk;Credit Risk_STA_a;2020532;2020532;1920532;1820532;1720532;1620532;150532;;Risk exposure amount - by exposure class (SA_and_IRB)
tr_cre;Credit Risk;Credit Risk_STA_b;2020532;2020532;1920532;1820532;1720532;1620532;150532;;Risk exposure amount - by exposure class (SA_and_IRB)
tr_cre;Credit Risk;Credit Risk_IRB_a;2020533;2020533;1920533;1820533;1720533;1620533;150533;;Risk exposure amount - SME - by exposure class (SA_and_IRB)
tr_cre;Credit Risk;Credit Risk_IRB_b;2020533;2020533;1920533;1820533;1720533;1620533;150533;;Risk exposure amount - SME - by exposure class (SA_and_IRB)
tr_cre;Credit Risk;Credit Risk_STA_a;2020533;2020533;1920533;1820533;1720533;1620533;150533;;Risk exposure amount - SME - by exposure class (SA_and_IRB)
tr_cre;Credit Risk;Credit Risk_STA_b;2020533;2020533;1920533;1820533;1720533;1620533;150533;;Risk exposure amount - SME - by exposure class (SA_and_IRB)
tr_cre;Credit Risk;Credit Risk_IRB_a;2020534;2020534;1920534;1820534;1720534;1620534;150534;;Risk Exposure amount - Corporates_Specialised Lending (IRB)
tr_cre;Credit Risk;Credit Risk_IRB_b;2020534;2020534;1920534;1820534;1720534;1620534;150534;;Risk Exposure amount - Corporates_Specialised Lending (IRB)
tr_cre;Credit Risk;Credit Risk_IRB_a;2020535;2020535;1920535;1820535;1720535;1620535;150535;;Risk Exposure amount - Retail - by type (IRB)
tr_cre;Credit Risk;Credit Risk_IRB_b;2020535;2020535;1920535;1820535;1720535;1620535;150535;;Risk Exposure amount - Retail - by type (IRB)
tr_cre;Credit Risk;Credit Risk_IRB_a;2020536;2020536;1920536;1820536;1720536;1620536;150536;;Risk Exposure amount - Retail - non SME - by type (IRB)
tr_cre;Credit Risk;Credit Risk_IRB_b;2020536;2020536;1920536;1820536;1720536;1620536;150536;;Risk Exposure amount - Retail - non SME - by type (IRB)
tr_cre;Credit Risk;Credit Risk_IRB_a;2020542;2020542;1920542;1820542;1720542;1620542;150542;;Risk Exposure amount - of which_DEFAULTED  - by exposure class (IRB)
tr_cre;Credit Risk;Credit Risk_IRB_b;2020542;2020542;1920542;1820542;1720542;1620542;150542;;Risk Exposure amount - of which_DEFAULTED  - by exposure class (IRB)
tr_cre;Credit Risk;Credit Risk_IRB_a;2020543;2020543;1920543;1820543;1720543;1620543;150543;;Risk Exposure amount - SME - of which_DEFAULTED  - by exposure class (IRB)
tr_cre;Credit Risk;Credit Risk_IRB_b;2020543;2020543;1920543;1820543;1720543;1620543;150543;;Risk Exposure amount - SME - of which_DEFAULTED  - by exposure class (IRB)
tr_cre;Credit Risk;Credit Risk_IRB_a;2020544;2020544;1920544;1820544;1720544;1620544;150544;;Risk Exposure amount - Corporates_Specialised Lending - of which_DEFAULTED (IRB)
tr_cre;Credit Risk;Credit Risk_IRB_b;2020544;2020544;1920544;1820544;1720544;1620544;150544;;Risk Exposure amount - Corporates_Specialised Lending - of which_DEFAULTED (IRB)
tr_cre;Credit Risk;Credit Risk_IRB_a;2020545;2020545;1920545;1820545;1720545;1620545;150545;;Risk Exposure amount - Retail - of which_DEFAULTED  - by type (IRB)
tr_cre;Credit Risk;Credit Risk_IRB_b;2020545;2020545;1920545;1820545;1720545;1620545;150545;;Risk Exposure amount - Retail - of which_DEFAULTED  - by type (IRB)
tr_cre;Credit Risk;Credit Risk_IRB_a;2020546;2020546;1920546;1820546;1720546;1620546;150546;;Risk Exposure amount - Retail - non SME - of which_DEFAULTED - by type (IRB)
tr_cre;Credit Risk;Credit Risk_IRB_b;2020546;2020546;1920546;1820546;1720546;1620546;150546;;Risk Exposure amount - Retail - non SME - of which_DEFAULTED - by type (IRB)
tr_cre;Credit Risk;Credit Risk_STA_a;2020551;2020551;1920551;1820551;1720551;1620551;150551;;Value adjustments and provisions (SA_and_IRB)
tr_cre;Credit Risk;Credit Risk_STA_b;2020551;2020551;1920551;1820551;1720551;1620551;150551;;Value adjustments and provisions (SA_and_IRB)
tr_cre;Credit Risk;Credit Risk_IRB_a;2020552;2020552;1920552;1820552;1720552;1620552;150552;;Value adjustments and provisions - by exposure class (SA_and_IRB)
tr_cre;Credit Risk;Credit Risk_IRB_b;2020552;2020552;1920552;1820552;1720552;1620552;150552;;Value adjustments and provisions - by exposure class (SA_and_IRB)
tr_cre;Credit Risk;Credit Risk_STA_a;2020552;2020552;1920552;1820552;1720552;1620552;150552;;Value adjustments and provisions - by exposure class (SA_and_IRB)
tr_cre;Credit Risk;Credit Risk_STA_b;2020552;2020552;1920552;1820552;1720552;1620552;150552;;Value adjustments and provisions - by exposure class (SA_and_IRB)
tr_cre;Credit Risk;Credit Risk_IRB_a;2020553;2020553;1920553;1820553;1720553;1620553;150553;;Value adjustments and provisions - SME - by exposure class (SA_and_IRB)
tr_cre;Credit Risk;Credit Risk_IRB_b;2020553;2020553;1920553;1820553;1720553;1620553;150553;;Value adjustments and provisions - SME - by exposure class (SA_and_IRB)
tr_cre;Credit Risk;Credit Risk_IRB_a;2020554;2020554;1920554;1820554;1720554;1620554;150554;;Value adjustments and provisions - Corporates_Specialised Lending (IRB)
tr_cre;Credit Risk;Credit Risk_IRB_b;2020554;2020554;1920554;1820554;1720554;1620554;150554;;Value adjustments and provisions - Corporates_Specialised Lending (IRB)
tr_cre;Credit Risk;Credit Risk_IRB_a;2020555;2020555;1920555;1820555;1720555;1620555;150555;;Value adjustments and provisions - Retail - by type (IRB)
tr_cre;Credit Risk;Credit Risk_IRB_b;2020555;2020555;1920555;1820555;1720555;1620555;150555;;Value adjustments and provisions - Retail - by type (IRB)
tr_cre;Credit Risk;Credit Risk_IRB_a;2020556;2020556;1920556;1820556;1720556;1620556;150556;;Value adjustments and provisions - Retail - non SME - by type (IRB)
tr_cre;Credit Risk;Credit Risk_IRB_b;2020556;2020556;1920556;1820556;1720556;1620556;150556;;Value adjustments and provisions - Retail - non SME - by type (IRB)
tr_cre;NPE;NPE;2020601;2020601;1920601;1820601;1720601;1620601;150601;;Gross carrying amount on DEBT INSTRUMENTS other than HFT
tr_cre;NPE;NPE;2020602;2020602;1920602;1820602;1720602;1620602;150602;;Gross carrying amount on Debt securities (including at amortised cost  and fair value)
tr_cre;NPE;NPE;2020603;2020603;1920603;1820603;1720603;1620603;150603;;Gross carrying amount on Loans and advances (including at amortised cost  and fair value)
tr_cre;NPE;NPE;2020604;2020604;1920604;1820604;1720604;1620604;150604;;Gross carrying amount on Debt securities (including at amortised cost  and fair value) - by exposure
tr_cre;NPE;NPE;2020605;2020605;1920605;1820605;1720605;1620605;150605;;Gross carrying amount on Loans and advances (including at amortised cost  and fair value) - by exposure
tr_cre;NPE;NPE;2020606;2020606;1920606;1820606;1720606;1620606;150606;;Gross carrying amount on OFF-BALANCE SHEET EXPOSURES
tr_cre;NPE;NPE;2020608;;;;;;;;Gross carrying amount on Cash balances at central banks and other demand deposits
tr_cre;NPE;NPE;2020611;2020611;1920611;1820611;1720611;1620611;150611;;Accumulated impairment, accumulated changes in fair value due to credit risk and provisions on DEBT INSTRUMENTS other than HFT
tr_cre;NPE;NPE;2020612;2020612;1920612;1820612;1720612;1620612;150612;;Accumulated impairment, accumulated changes in fair value due to credit risk and provisions on Debt securities (including at amortised cost  and fair value)
tr_cre;NPE;NPE;2020613;2020613;1920613;1820613;1720613;1620613;150613;;Accumulated impairment, accumulated changes in fair value due to credit risk and provisions on Loans and advances (including at amortised cost  and fair value)
tr_cre;NPE;NPE;2020614;2020614;1920614;1820614;1720614;1620614;150614;;Accumulated impairment, accumulated changes in fair value due to credit risk and provisions on Debt securities (including at amortised cost  and fair value) - by exposure
tr_cre;NPE;NPE;2020615;2020615;1920615;1820615;1720615;1620615;150615;;Accumulated impairment, accumulated changes in fair value due to credit risk and provisions on Loans and advances (including at amortised cost  and fair value) - by exposure
tr_cre;NPE;NPE;2020616;2020616;1920616;1820616;1720616;1620616;150616;;Accumulated impairment, accumulated changes in fair value due to credit risk and provisions on OFF-BALANCE SHEET EXPOSURES
tr_cre;NPE;NPE;2020618;;;;;;;;Accumulated impairment, accumulated changes in fair value due to credit risk and provisions on Cash balances at central banks and other demand deposits
tr_cre;NPE;NPE;2020621;2020621;1920621;1820621;1720621;1620621;150621;;Collaterals and financial guarantees received on non-performing exposures on DEBT INSTRUMENTS other than HFT
tr_cre;NPE;NPE;2020622;2020622;1920622;1820622;1720622;1620622;150622;;Collaterals and financial guarantees received on non-performing exposures on Debt securities (including at amortised cost  and fair value)
tr_cre;NPE;NPE;2020623;2020623;1920623;1820623;1720623;1620623;150623;;Collaterals and financial guarantees received on non-performing exposures on Loans and advances (including at amortised cost  and fair value)
tr_cre;NPE;NPE;2020624;2020624;1920624;1820624;1720624;1620624;150624;;Collaterals and financial guarantees received on non-performing exposures on Debt securities (including at amortised cost  and fair value) - by exposure
tr_cre;NPE;NPE;2020625;2020625;1920625;1820625;1720625;1620625;150625;;Collaterals and financial guarantees received on non-performing exposures on Loans and advances (including at amortised cost  and fair value) - by exposure
tr_cre;NPE;NPE;2020626;2020626;1920626;1820626;1720626;1620626;150626;;Collaterals and financial guarantees received on non-performing exposures on OFF-BALANCE SHEET EXPOSURES
tr_cre;NPE;NPE;2020628;;;;;;;;Collaterals and financial guarantees received on non-performing exposures on Cash balances at central banks and other demand deposits
tr_cre;Forborne exposures;Forborne exposures;2020701;2020701;1920701;1820701;1720701;1620701;150701;;Exposures with forbearance measures - Gross carrying amount on DEBT INSTRUMENTS other than HFT
tr_cre;Forborne exposures;Forborne exposures;2020702;2020702;1920702;1820702;1720702;1620702;150702;;Exposures with forbearance measures - Gross carrying amount on Debt securities (including at amortised cost  and fair value)
tr_cre;Forborne exposures;Forborne exposures;2020703;2020703;1920703;1820703;1720703;1620703;150703;;Exposures with forbearance measures - Gross carrying amount on Loans and advances (including at amortised cost  and fair value)
tr_cre;Forborne exposures;Forborne exposures;2020704;2020704;1920704;1820704;1720704;1620704;150704;;Exposures with forbearance measures - Gross carrying amount on Debt securities (including at amortised cost  and fair value) - by exposure
tr_cre;Forborne exposures;Forborne exposures;2020705;2020705;1920705;1820705;1720705;1620705;150705;;Exposures with forbearance measures - Gross carrying amount on Loans and advances (including at amortised cost  and fair value) - by exposure
tr_cre;Forborne exposures;Forborne exposures;2020706;2020706;1920706;1820706;1720706;1620706;150706;;Exposures with forbearance measures - Gross carrying amount on Loan commitments given
tr_cre;Forborne exposures;Forborne exposures;2020708;;;;;;;;Exposures with forbearance measures - Gross carrying amount on Cash balances at central banks and other demand deposits
tr_cre;Forborne exposures;Forborne exposures;2020709;;;;;;;;Quality of forbearance Gross carrying amount on Loans and advances that have been forborne more than twice
tr_cre;Forborne exposures;Forborne exposures;2020710;;;;;;;;Quality of forbearance Gross carrying amount on Non-performing forborne loans and advances that failed to meet the non-performing exit criteria
tr_cre;Forborne exposures;Forborne exposures;2020711;2020711;1920711;1820711;1720711;1620711;150711;;Exposures with forbearance measures - Accumulated impairment, accumulated changes in fair value due to credit risk and provisions on DEBT INSTRUMENTS other than HFT
tr_cre;Forborne exposures;Forborne exposures;2020712;2020712;1920712;1820712;1720712;1620712;150712;;Exposures with forbearance measures - Accumulated impairment, accumulated changes in fair value due to credit risk and provisions on Debt securities (including at amortised cost  and fair value)
tr_cre;Forborne exposures;Forborne exposures;2020713;2020713;1920713;1820713;1720713;1620713;150713;;Exposures with forbearance measures - Accumulated impairment, accumulated changes in fair value due to credit risk and provisions on Loans and advances (including at amortised cost  and fair value)
tr_cre;Forborne exposures;Forborne exposures;2020714;2020714;1920714;1820714;1720714;1620714;150714;;Exposures with forbearance measures - Accumulated impairment, accumulated changes in fair value due to credit risk and provisions on Debt securities (including at amortised cost  and fair value) - by exposure
tr_cre;Forborne exposures;Forborne exposures;2020715;2020715;1920715;1820715;1720715;1620715;150715;;Exposures with forbearance measures - Accumulated impairment, accumulated changes in fair value due to credit risk and provisions on Loans and advances (including at amortised cost  and fair value) - by exposure
tr_cre;Forborne exposures;Forborne exposures;2020716;2020716;1920716;1820716;1720716;1620716;150716;;Exposures with forbearance measures - Accumulated impairment, accumulated changes in fair value due to credit risk and provisions on Loan commitments given
tr_cre;Forborne exposures;Forborne exposures;2020718;;;;;;;;Exposures with forbearance measures - Accumulated impairment, accumulated changes in fair value due to credit risk and provisions on Cash balances at central banks and other demand deposits
tr_cre;Forborne exposures;Forborne exposures;2020721;2020721;1920721;1820721;1720721;1620721;150721;;Exposures with forbearance measures - Collateral and financial guarantees received on DEBT INSTRUMENTS other than HFT
tr_cre;Forborne exposures;Forborne exposures;2020722;2020722;1920722;1820722;1720722;1620722;150722;;Exposures with forbearance measures - Collateral and financial guarantees received on Debt securities (including at amortised cost  and fair value)
tr_cre;Forborne exposures;Forborne exposures;2020723;2020723;1920723;1820723;1720723;1620723;150723;;Exposures with forbearance measures - Collateral and financial guarantees received on Loans and advances (including at amortised cost  and fair value)
tr_cre;Forborne exposures;Forborne exposures;2020724;2020724;1920724;1820724;1720724;1620724;150724;;Exposures with forbearance measures - Collateral and financial guarantees received on Debt securities (including at amortised cost  and fair value) - by exposure
tr_cre;Forborne exposures;Forborne exposures;2020725;2020725;1920725;1820725;1720725;1620725;150725;;Exposures with forbearance measures - Collateral and financial guarantees received on Loans and advances (including at amortised cost  and fair value) - by exposure
tr_cre;Forborne exposures;Forborne exposures;2020726;2020726;1920726;1820726;1720726;1620726;150726;;Exposures with forbearance measures - Collateral and financial guarantees received on Loan commitments given
tr_cre;Forborne exposures;Forborne exposures;2020728;;;;;;;;Exposures with forbearance measures - Collateral and financial guarantees received on Cash balances at central banks and other demand deposits
tr_sov;Sovereign;Sovereign;2020810;2020810;1920810;1820810;;;;;Direct exposures - On balance sheet - Total gross carrying amount of non-derivative financial assets
tr_sov;Sovereign;Sovereign;2020811;2020811;1920811;1820811;;;;;Direct exposures - On balance sheet - Total carrying amount of non-derivative financial assets (net of short positions)
tr_sov;Sovereign;Sovereign;2020812;2020812;1920812;1820812;;;;;Direct exposures - On balance sheet - Total gross carrying amount of non-derivative financial assets (net of short positions) of which: Financial assets held for trading
tr_sov;Sovereign;Sovereign;2020813;2020813;1920813;1820813;;;;;Direct exposures - On balance sheet - Total gross carrying amount of non-derivative financial assets (net of short positions) of which: Financial assets designated at fair value through profit or loss
tr_sov;Sovereign;Sovereign;2020814;2020814;1920814;1820814;;;;;Direct exposures - On balance sheet - Total gross carrying amount of non-derivative financial assets (net of short positions) of which: Financial assets at fair value through other comprehensive income
tr_sov;Sovereign;Sovereign;2020815;2020815;1920815;1820815;;;;;Direct exposures - On balance sheet - Total gross carrying amount of non-derivative financial assets (net of short positions) of which: Financial assets at amortised cost
tr_sov;Sovereign;Sovereign;2020816;2020816;1920816;1820816;;;150908;993308;Direct exposures - Derivatives - Derivatives with positive fair value  - Carrying amount
tr_sov;Sovereign;Sovereign;2020817;2020817;1920817;1820817;;;150907;993307;Direct exposures - Derivatives - Derivatives with positive fair value  - Notional amount
tr_sov;Sovereign;Sovereign;2020818;2020818;1920818;1820818;;;150910;993310;Direct exposures - Derivatives - Derivatives with negative fair value - Carrying amount
tr_sov;Sovereign;Sovereign;2020819;2020819;1920819;1820819;;;150909;993309;Direct exposures - Derivatives - Derivatives with negative fair value - Notional amount
tr_sov;Sovereign;Sovereign;2020820;2020820;1920820;1820820;;;;;Direct exposures - Off balance sheet  - Off-balance sheet exposures - Nominal
tr_sov;Sovereign;Sovereign;2020821;2020821;1920821;1820821;;;;;Direct exposures - Off balance sheet  - Off-balance sheet exposures - Provisions
tr_sov;Sovereign;Sovereign;2020822;2020822;1920822;1820822;;;;;Risk weighted exposure amount
tr_oth;Leverage;Leverage;2020901;2020901;1920901;1820901;1720901;1620133;150130;993432;Tier 1 capital - transitional definition
tr_oth;Leverage;Leverage;2020902;2020902;1920902;1820902;1720902;;;;Tier 1 capital - fully phased-in definition
tr_oth;Leverage;Leverage;2020903;2020903;1920903;1820903;1720903;;151002;;Total leverage ratio exposures - using a transitional definition of Tier 1 capital
tr_oth;Leverage;Leverage;2020904;2020904;1920904;1820904;1720904;;;;Total leverage ratio exposures - using a fully phased-in definition of Tier 1 capital
tr_oth;Leverage;Leverage;2020905;2020905;1920905;1820905;1720905;;151003;;Leverage ratio - using a transitional definition of Tier 1 capital
tr_oth;Leverage;Leverage;2020906;2020906;1920906;1820906;1720906;;;;Leverage ratio - using a fully phased-in definition of Tier 1 capital
tr_oth;Assets;Assets;2021001;2021001;1921001;;;;;;Cash, cash balances at central banks and other demand deposits
tr_oth;Assets;Assets;2021002;2021002;1921002;;;;;;Financial assets held for trading
tr_oth;Assets;Assets;2021003;2021003;1921003;;;;;;Non-trading financial assets mandatorily at fair value through profit or loss
tr_oth;Assets;Assets;2021004;2021004;1921004;;;;;;Financial assets designated at fair value through profit or loss
tr_oth;Assets;Assets;2021005;2021005;1921005;;;;;;Financial assets at fair value through other comprehensive income
tr_oth;Assets;Assets;2021006;2021006;1921006;;;;;;Financial assets at amortised cost
tr_oth;Assets;Assets;2021007;2021007;1921007;;;;;;Derivatives – Hedge accounting
tr_oth;Assets;Assets;2021008;2021008;1921008;;;;;;Fair value changes of the hedged items in portfolio hedge of interest rate risk
tr_oth;Assets;Assets;2021009;2021009;1921009;;;;;;Other assets
tr_oth;Assets;Assets;2021010;2021010;1921010;;;;;;Total Assets
tr_oth;Assets;Assets;2021016;2021016;1921016;;;;;;Gross carrying amount: Financial assets at fair value through other comprehensive income, Debt securities
tr_oth;Assets;Assets;2021017;2021017;1921017;;;;;;Gross carrying amount: Financial assets at fair value through other comprehensive income, Loans and advances
tr_oth;Assets;Assets;2021018;2021018;1921018;;;;;;Gross carrying amount: Financial assets at amortised cost, Debt securities
tr_oth;Assets;Assets;2021019;2021019;1921019;;;;;;Gross carrying amount: Financial assets at amortised cost, Loans and advances
tr_oth;Assets;Assets;2021026;2021026;1921026;;;;;;Accumulated impairment: Financial assets at fair value through other comprehensive income, Debt securities
tr_oth;Assets;Assets;2021027;2021027;1921027;;;;;;Accumulated impairment: Financial assets at fair value through other comprehensive income, Loans and advances
tr_oth;Assets;Assets;2021028;2021028;1921028;;;;;;Accumulated impairment: Financial assets at amortised cost, Debt securities
tr_oth;Assets;Assets;2021029;2021029;1921029;;;;;;Accumulated impairment: Financial assets at amortised cost, Loans and advances
tr_oth;Key metrics;Key metrics;2021101;2021101;;;;;;;Common Equity Tier 1 (CET1) capital - transitional period
tr_oth;Key metrics;Key metrics;2021102;2021102;;;;;;;Common Equity Tier 1 (CET1) capital as if IFRS 9 or analogous ECLs transitional arrangements had not been applied
tr_oth;Key metrics;Key metrics;2021103;2021103;;;;;;;Tier 1 capital  - transitional period
tr_oth;Key metrics;Key metrics;2021104;2021104;;;;;;;Tier 1 capital as if IFRS 9 or analogous ECLs transitional arrangements had not been applied - transitional definition
tr_oth;Key metrics;Key metrics;2021105;2021105;;;;;;;Total capital  - transitional period
tr_oth;Key metrics;Key metrics;2021106;2021106;;;;;;;Total capital as if IFRS 9 or analogous ECLs transitional arrangements had not been applied
tr_oth;Key metrics;Key metrics;2021107;2021107;;;;;;;Total risk-weighted assets
tr_oth;Key metrics;Key metrics;2021108;2021108;;;;;;;Total risk-weighted assets as if IFRS 9 or analogous ECLs transitional arrangements had not been applied
tr_oth;Key metrics;Key metrics;2021109;2021109;;;;;;;Common Equity Tier 1 (as a percentage of risk exposure amount) - transitional definition
tr_oth;Key metrics;Key metrics;2021110;2021110;;;;;;;Common Equity Tier 1 (as a percentage of risk exposure amount) - transitional definition - as if IFRS 9 or analogous ECLs transitional arrangements had not been applied
tr_oth;Key metrics;Key metrics;2021111;2021111;;;;;;;Tier 1 (as a percentage of risk exposure amount) - transitional definition
tr_oth;Key metrics;Key metrics;2021112;2021112;;;;;;;Tier 1 (as a percentage of risk exposure amount) as if IFRS 9 or analogous ECLs transitional arrangements had not been applied
tr_oth;Key metrics;Key metrics;2021113;2021113;;;;;;;Total capital (as a percentage of risk exposure amount) - transitional definition
tr_oth;Key metrics;Key metrics;2021114;2021114;;;;;;;Total capital (as a percentage of risk exposure amount) as if IFRS 9 or analogous ECLs transitional arrangements had not been applied
tr_oth;Key metrics;Key metrics;2021115;2021115;;;;;;;Leverage ratio total exposure measure - using a transitional definition of Tier 1 capital
tr_oth;Key metrics;Key metrics;2021116;2021116;;;;;;;Leverage ratio - using a transitional definition of Tier 1 capital
tr_oth;Liabilities;Liabilities;2021201;2021201;;;;;;;Financial liabilities held for trading
tr_oth;Liabilities;Liabilities;2021202;2021202;;;;;;;Trading financial liabilities1
tr_oth;Liabilities;Liabilities;2021203;2021203;;;;;;;Financial liabilities designated at fair value through profit or loss
tr_oth;Liabilities;Liabilities;2021204;2021204;;;;;;;Financial liabilities measured at amortised cost
tr_oth;Liabilities;Liabilities;2021205;2021205;;;;;;;Non-trading non-derivative financial liabilities measured at a cost-based method1
tr_oth;Liabilities;Liabilities;2021206;2021206;;;;;;;Derivatives – Hedge accounting
tr_oth;Liabilities;Liabilities;2021207;2021207;;;;;;;Fair value changes of the hedged items in portfolio hedge of interest rate risk
tr_oth;Liabilities;Liabilities;2021208;2021208;;;;;;;Provisions
tr_oth;Liabilities;Liabilities;2021209;2021209;;;;;;;Tax liabilities
tr_oth;Liabilities;Liabilities;2021210;2021210;;;;;;;Share capital repayable on demand
tr_oth;Liabilities;Liabilities;2021211;2021211;;;;;;;Other liabilities
tr_oth;Liabilities;Liabilities;2021212;2021212;;;;;;;Liabilities included in disposal groups classified as held for sale
tr_oth;Liabilities;Liabilities;2021213;2021213;;;;;;;Haircuts for trading liabilities at fair value1
tr_oth;Liabilities;Liabilities;2021214;2021214;;;;;;;TOTAL LIABILITIES
tr_oth;Liabilities;Liabilities;2021215;2021215;;;;;;;Financial liabilities -  by instrument and by counterparty sector
tr_oth;Liabilities;Liabilities;2021216;;;;;;;;TOTAL EQUITY
tr_oth;Liabilities;Liabilities;2021217;;;;;;;;TOTAL EQUITY AND TOTAL LIABILITIES
tr_cre;NACE;NACE;2021301;2021301;;;;;;;Gross carrying amount
tr_cre;NACE;NACE;2021302;2021302;;;;;;;Accumulated impairment
tr_cre;NACE;NACE;2021303;2021303;;;;;;;Accumulated negative changes in fair value due to credit risk on non-performing exposures
tr_cre;COVID19;Covid_19;2021601;;;;;;;;Number of obligors on Loans and advances for which legislative and non-legislative moratorium (associated with a request)
tr_cre;COVID19;Covid_19;2021611;;;;;;;;Gross carrying amount on Loans and advances for which legislative and non-legislative moratorium (associated with a request)
tr_cre;COVID19;Covid_19;2021612;;;;;;;;Gross carrying amount onLoans and advances subject to legislative and non-legisative moratorium (granted and active)
tr_cre;COVID19;Covid_19;2021622;;;;;;;;Accumulated impairment, accumulated negative changes in fair value due to credit risk on Loans and advances subject to legislative and non-legisative moratorium (granted and active)
tr_cre;COVID19;Covid_19;2021632;;;;;;;;Gross carrying amount Inflows to non-performing exposures on Loans and advances subject to legislative and non-legisative moratorium (granted and active)
tr_cre;Collateral;Collateral;2021701;;;;;;;;Gross carrying amount on Loans and advances
tr_cre;Collateral;Collateral;2021702;;;;;;;;Accumulated impairment for secured assets
tr_cre;Collateral;Collateral;2021703;;;;;;;;Collateral Of which value capped at the value of exposure
tr_cre;Collateral;Collateral;2021704;;;;;;;;Collateral Of which value capped at the value of exposure Of which immovable property
tr_cre;Collateral;Collateral;2021705;;;;;;;;Collateral Of which value above the cap
tr_cre;Collateral;Collateral;2021706;;;;;;;;Collateral Of which value above the cap Of which immovable property
tr_cre;Collateral;Collateral;2021707;;;;;;;;Financial guarantees received
tr_cre;Collateral;Collateral;2021708;;;;;;;;Accumulated partial write-off
